Antarctica,n. 南极洲,南antar,5
altitude,n. 海拔，高度,,2
aggregate,v. 聚集,"ag(=ad 加强)+greg(group,团体)",2
adopt,v. 采用，采取；领养,,5
aristocracy,n. 贵族，上层社会,,1
burst,v. 突发，爆发,,1
assemble,v. 集合，组装,"as(ad 加强)+semble(same)=把相同的人/东西聚在一起👉集合,组装",1
diminish,v. 变少，贬低,,1
commission,"v. 委托 n. 委托, 佣金, 委员会","com+mission(任务)=共同的任务👉委托, 委员会",1
negotiate,"v. 通行, 越过, 谈判",能否通行是需要谈判的,2
niche,"n. 生态位,壁龛",,2
retreat,v. 撤退 n. 撤退,,1
substantial,"adj. 大量的, 重大的",,1
shade,"n. 色度,色调; 灯罩 v. 遮蔽",shadow 阴影,2
shatter,v. (使) 破碎,,1
solitary,"adj. 独自的, 唯一的 n. 独居者","sol(sole, 单独的)+itary",1
succulent,adj. 多汁的,"succ(看作suck,吸) = 能吮吸的👉多汁的",1
sheet,"n. 纸张,一大片",,1
appeal,"v. 上诉, 呼吁 n.吸引力",,
alpine,"adj. 高山的, 高海拔的",alp(alps 阿尔卑斯山)+ine,
barter,v. 物物交易,,
canopy,"n. 树冠,冠状物",,
commonplace,adj. 普通的,,
compensate,v. 抵消，补偿,,
comprise,v. 包含，组成,,
considerable,"adj. 相当大的, 相当多的",,
conservative,"adj. 保守的, 守旧的",,
conceive,"v. 怀孕,构思",,
compromise,n. 妥协 v. 妥协,,
conjuction,"n. 结合, 同时发生","con(together)+junct(join,参与,连接)+ion",
crumble,"v. (使)破碎,成碎屑 v.瓦解,消亡",,
conspicuous,adj. 明显的,con(一起)+spi(看)+cuous=大家都能看到的👉明显的,
consolidate,"v. 合并, 巩固",con(一起)+solid(固体)+ate=成为固体👉巩固,1
deteriorate,v. 恶化; 变坏,"de(down)+terior(terror,恐怖)+ate",
delineate,"v. 描述, 阐明 , 界定",,
devastate,v. 破坏,"de(加强)+vast(waste, 浪费)+ate",
deed,"n. 契约, 行为, 功绩",,1
demise,"n. 死亡, 终止","de(away)+mise(send, 发送)=不再发送消息👉死亡,终止",
dispute,v. 争论,(diss+beautiful的),
dismiss,"v. 解雇, 解散","dis+miss(send, 发送)",
dispense,"v. 分配,分发,摒弃",dispenser n. 自动售货机,
discrete,"adj. 分离的,不相关的","dis(apart)+creat(create,制造,产生)=一个一个产生的👉分离的",
disperse,v. 散布,,
distress,"n. 悲伤, 不幸 v.使悲伤",,1
disintegrate,v. 瓦解,dis(away)+integrate(整合),
campaign,"n. 运动,战役","camp(营地, 阵营)",3
render,v. 使变得; 提供; 渲染,"渲染就是提供色彩,使变得...",
equilibrium,n. 均衡,equili(equal)+brium(balance),
drown,v. 淹死,/draʊn/ dr(drink)+own,
elicit,v. 引出,"e(ex, out)+licit(lead,引领👉引出",
entail,"v. 关联,牵涉","en(加强)+tail(尾巴)=尾巴搅在一起👉关联,牵涉",
ethic,n. 伦理,谐音('爱思考'),1
embody,"v. 体现,使具体化","em(加强)+body(身体)👉体现,使具体化",3
endeavor,n. 努力 v. 努力,,
terrace,"n. 梯田, (房屋或餐馆外的)露天平台, 阳台",,
ambient,"adj. 周围的, 环绕的",ambi(around 环绕)+ent,
amphibian,n. 两栖动物,amphi(both)+bi(life)+an,
anthropology,n. 人类学,,
archaeology,n. 考古学,,2
bladder,n. 膀胱,bla(blow)+dder = 能吹起来的东西,
biology,n. 生物学,"bio(life, 声明)",
biography,n. 传记,"graph(画,写)",
Fahrenheit,n. 华氏温度,/ˈfærənˌhaɪt/,
expanse,n. 面积，幅员，跨度,"ex(out)+pan(pand,spread扩展)+se",
feasible,adj. 可行的,,1
feat,n. 壮举,,
expertise,n. 专业技术,expert(专家)+ise,
execute,v. 执行， 处死,,1
excavate,v. 挖掘,ex(out)+cav(cave洞)+ate,1
extermination,n. 消灭， 根绝,ex(out)+term(期限，边界)+ination,
fuse,v. 熔化， 结合,(flow 流动),1
flush,"adj. 齐平的 v. 冲走，驱逐出, 脸红",(flow 流动),
forage,n. 草料 v.觅食，搜寻,fodder 草料,1
furnish,v. 装备 v.提供，供给,furniture 家具,
fraction,n. 一小部分，微量 n. 分数,,
fulfil,v. 实现，履行,,
frigid,adj. 寒冷的,"frig(fridge, 冰箱)+id",1
flora,n. 植物群落,"flora(flower, 花)",2
fidelity,n. 忠诚，精确,"fid(faith,信仰)+elity",
fluctuate,v. 波动，起伏,"fluct(flow,流动)+uate",
glide,v. 滑行，滑翔,,
impulse,n. 冲动，脉冲,,
graphic,adj. 图案的， 形象的，生动的,,
hollow,adj. 空的 n. 凹陷,,
illuminate,v. 照亮,"il(加强)+lumi（light,光）+nate",
hundredfold,adj. 百倍的,,
inadvertent,adj. 无意的， 故意的,"in(not)+advert(advertise,广告, 引起注意)+ent",
impersonal,adj. 非个人的，冷酷的， 不友好的,,
implement,v. 实施 n. 工具，器具,,
handedness,n. 用手习惯,,
imagery,n. 意向,,
bronze,n. 青铜,,
brass,n. 黄铜,,
commemorate,v. 纪念,,
compelling,adj. 引起兴趣的，有说服力的,,
ingenious,adj. 有创意的,,
larva,n. 幼虫,(lover 形似larva) 幼虫是昆虫爱情的结晶,
institute,"n. 研究所,学院",,
lane,"n. 航线, 车道, 小巷",,
divert,"v. 转向, 绕道",,
desirable,adj. 令人向往的,,
mold,n. 模具 v. 塑造,,
mutual,adj. 相互的,,
motif,n. 主题， 主旨；图案，式样,"motif(motive, 动机)👉主题，主旨 👉图案，式样",
march,"v. 前进，行进
n. 进行曲前进，行进",三月（March）行军,
miniature,n. 微型画；小型的，微小的,"mini+ature(creature,创造)👉微型画",
meager,adj. 量少质差的,"meager meal 粗茶淡饭
meager earngings 微薄的收入",
Martian,adj. 火星的,,
neat,adj. 整洁的,(nice 美好的）,
moderate,adj. 适度的，温和的,"moder(measure, 测量)+ate",
molecule,n. 分子,mole 痣,
methane,n. 沼气,meth(marsh)+ane👉沼气,
monumental,adj. 重要的，意义深远的,monument 纪念碑,
obscure,v. 隐藏，掩盖,ob(over 覆盖),
obliterate,v. 抹去，覆盖,"ob(over覆盖)+liter(letter, 文字)",
Neolithic,adj. 新石器时代的,"Neo(new, 新的)+lith(石头)+ic",
Paleolithic,adj. 旧石器时代的,Paleo(老的，旧的)+lith(石头)+ic,
ooze,n. 泥浆，稀泥 v. 渗出,,
nocturnal,adj. 夜间的,"noct(night, 晚上)+urnal",
Neptune,n. 海王星,,
buoyant,adj. 愉快且自信的， （价格等）上涨的，有浮力的,a buoyant economy 欣欣向荣的经济,
pigment,n.颜料,,
Pacific,n. 太平洋,,1
override,v. 比...更重要; 推翻(决定),"Considerations of safety override all other concerns.
对安全的考虑高于一切",
peculiar,adj. 奇怪的，独特的,,
overwhelm,v. 彻底战胜，压制，淹没,,1
overwhilming,adj. 压倒性的,,
patron,"n. 赞助人 ",,
perspective,n. 角度，观点，透视画法,,1
preliminary,adj. 预备的 n.初步措施,"pre+limin(limit,界限)+ary=边界之前👉预备的，初步措施",
plaster,n. 灰泥,plaste 面团，浆糊，膏,
plough,v. 犁，耕,,
precipitate,v. 促成，加速...的发生,,
posture,n. 姿势，态度,"post(put, 放置)",
plummet,v. 暴跌， 速降,,
premiere,n. 首映，首次公演,,
pit,n. 深坑，矿井,,
pulverize,v. 粉碎,,
porminent,adj. 突出的，卓越的,"pro(forward)+min(miss,发送)+ent",
prone,adj. 易于...的，有做...倾向的,,
prolong,v. 延长,,
propagate,v. 传播，繁殖,"propa(propel,推进)+gate(大门)",
proliferate,v. 激增， 繁殖,,
propulsion,n. 推进力,"pro(forward, 向前)+pul(push, 推动)",
recede,v. 逐渐远离,"re(back,回来)+cede(go,走)",
radical,"adj. 根本的, 激进的,彻底的",radi(root)+cal,
realization,"n. 领悟,领会",,
rear,adj. 后部的 v.抚养,"r+ear 耳朵的后面就是背后, 在后面👉抚养",
restless,adj. 焦躁不安的,rest+less(否定后缀),
requisition,n. 征用,requis(require)+ition,
"retrieve ",v.恢复,,
savanna,n. 热带大草原,,
scatter,"v. 散播 n. (散落的)堆,摊",,
scarce,adj. 缺乏的,scant 缺乏的,
scant,adj. 缺乏的,都需要scan了肯定是缺乏的,
row,"n. 一行, 激烈争吵 v. 划(桨)",,
sensory,"adj. 感觉的,感官的",,
delineate,v. 描述,de(加强)+line(线条)+ate,
prominent,"adj. 杰出的,显著的,突出的",pro(向前)+min(范围)+ent,
protrude,v. 突出,"pro+tru(""出"")+de
protruding teeth 龅牙",
consequent,adj. 作为结果的,,
peculiar,adj. 奇怪的；独特的,"(""皮扣脸"")👉奇特的,独特的",
patron,n. 赞助人,pa(pay)+tron,
shrine,"n. 圣地, 神龛; 具有重要意义的地方",,
altar,"n. (教堂,庙宇的) 圣坛, 祭坛, 祭台",,
shaft,"n. 杆, 柄","(""吓唬他"")=用杆子吓唬他",
shoot,"n. 芽, 幼苗",,
shroud,v. 覆盖 n. 覆盖物,"(""尸绕的"")",
slush,n. 雪泥,,
silt,n. 淤泥，泥沙,salt 盐,1
soar,v. 翱翔， 滑翔；急升,"(""嗖""地一下)",
simulate,v. 模拟,"simul(similar,类似)",
soak,v. 浸透,"(""授课"")=浸泡在知识的海洋里👉浸透",
sparse,adj. 稀少的,spare 备用的,
spine,n. 脊柱,,
wilt,"v. 枯萎, 失去自信",,
wither,"v. 枯萎, 变虚弱",,
retard,v. 阻碍，减缓,,
stunt,n. 噱头 v. 阻碍...的发展,,
spray,n. 喷雾,sp+ray=射线一样喷👉喷雾,
shed,v. 脱落,shit v. 排泄,
chronological,adj. 按年代顺序的,,
concer,v. 同意，同时发生,,
constitution,n. 组成，构成 n. 宪法,,
constituenr,"n. 成分, 要素",,
covert,adj. 暗中的,,
contaminate,v. 弄脏，污染,,
crevasse,n. 大裂缝,,
creek,n. 小溪,,
deliberate,adj. 故意的 v. 仔细思考,,
denominator,n. 分母,,
deflect,v. 转移， 引开；使偏移,,
decipher,v. 破解,,
detriment,n. 伤害,de(away)+trim(剪，削)+ent,
desiccate,v. 使干燥,,
desperate,adj. 绝望的,,
desolate,adj. 荒芜的 v. 使悲伤绝望,,
despondent,adj. 丧气的,"de(away)+spond(respond,应答)+ent",
descendant,n. 后裔,descend(下降)+ant,
devotion,n. 奉献，热量,,
disdain,v. 蔑视,dis(diss)+dain(眈),
disposal,n. 处理，清除,dis(away)+pos(put，放置)+al处理，清除,
discern,v. 察觉，分辨,"dis(aprt)+cern(seen, 看到的)",
edifice,n. 大厦,（'挨地会死'）,
dwindle,v. 减少，缩小,"d(die,死)+wind（风）+le",
endotherm,n. 恒温动物,endo(inside)+therm(热),
endorse,v. 签署；认可，支持,en(in)+dorse,
encyclopedia,n. 百科全书,en(in)+cyclo(cycle圈，全)+pedia(教育，知识),
erratic,adj. 不规则的,erra(error 差错)+tic👉不规则的,
enzyme,n. 酶,,
epitome,"n. 典型,典范,摘要","(""一批特美"")",
extrinsic,"adj. 外在的,外来的",,
esteem,n. 尊重,,
exert,v. 耗费; 施加 (影响、压力); 运用 (权威),,
faint,"n. 头昏,昏倒",,
etching,n. 蚀刻版画,"etch(腐蚀,谐音""爱吃"")+ing",
domesticate,"v. 驯养, 驯化","domestic(养在家里的,dome,屋顶)+cate ",
drench,v. 使湿透,,
deity,"n. 神,神性",,
divine,adj. 神圣的,"div(deity,神性)+ine",
egocentric,adj. 自我中心的,ego(自我)+centric(中心的),
disaffection,n. 不满， 疏离,,
diplomacy,n. 外交,,
disposal,n. 处理，清除,,
desolate,adj. 荒芜的 v. 使悲伤绝望,,
desiccate,v. 使干燥,,
descent,n. 血统， 下降,,
desperate,adj. （因绝望）不顾一切的， 十分渴望的,,
detract,v. 减损， 损毁，贬低,de(away)+tract(拉),
despondent,adj. 丧气的,,
default,n. 默认；v. 拖欠，违约,defaulter 不履约者,
deluge,"n. 暴雨, 泛滥，大量","(""得流着"")",
denominator,n. 分母,,
flee,v. 逃走,,
foul,adj. 肮脏的,,
formidable,adj. 可怕的,for(因为)+mid(疯狂的)+able,
gauge,n. 测量仪器 v. 精确测量,a fuel gauge 燃料表,
glassy,n. 像玻璃一样的，光亮透明的,,
germinate,v. 发芽,,
gratify,v. 使高兴,,
glucose,n. 葡萄糖,,
goof,v. 犯愚蠢错误,goo(go)+f(foolish，愚蠢的),
gratify,v. 使高兴，使满足,,
goodness,n. 善良，美德,,
gravel,n. 沙砾，砾石,,
demolish,v. 破坏，拆除,"de(away)+mol(mold,模型)+ish",
discern,v. 察觉，分辨,,
deprecate,v. 抗议，反对,,
endow,v. 给与，赠与,,
entwine,v. 盘绕，缠绕，与...密切相关,,
escalate,v. 升级， 加重,"e(加强)+scal(scale,攀登)+ate",
faint,adj. 微弱的 v.头昏，昏倒,,
cramped,adj. 狭窄的，塞满的,,
devoid,adj. 空虚的，完全没有的,,
trench,n. 沟渠,,
drench,v. 使湿透,,
encapsulate,vt. 简要描述，概括；用胶囊（或囊状物）装，封装,capsule 胶囊,
eligible,adj. 合格的,,
grocer,n. 零售商店,gross sale,
groove,n. 沟槽,,
halt,v. 停止,,
gut,n. 肠道， 勇气,,
gully,n. 溪谷，冲沟,,
hamper,v. 妨碍，阻止,,
guild,n. 行业，协会,,
harp,n. 竖琴,,
harpsicord,n. 大键琴（长得有点像钢琴）,,
handicap,n. 残疾,,
hasten,v. 催促，加快,haste n. 仓促，匆忙,
hearth,"n. 壁炉, 灶台",(一闪一闪的壁炉有点像心脏heart),
hood,n. 风帽,,
heterogeneous,adj. 异质的，不同成分构成的,hetero(different)+gene(基因)+ous,
heyday,n. 全盛期,,
heliocentric,adj. 以太阳为中心的,,
heredity,n. 遗传,,
hostile,adj. 敌对的，不友好的,,
humble,adj. 卑微的；谦虚的,,
hull,n. 船体；外壳,a wooden hull 木制船体,
ignite,v. 点燃,ignitor n. 点火器，打火机,
hypothetical,adj. 假设的,,
illiterate,adj. 文盲的,,
hysterical,adj. 歇斯底里的,"hysteri(""歇斯底里"")+cal",2
immense,adj. 巨大的,,1
illusory,adj. 幻觉的,,1
impetus,n. 动力,"im(加强)+pet(""拍打"")+us(我们)",
imperative,adj. 紧要的,im(to)+pera(prepare)+tive = 马上需要准备的,1
mortal,adj. 终有一死的 n. 凡人,mortality 死亡人数,
immortal,adj. 不朽的,,2
empire,n. 帝国,,
imperial,adj. 帝国的,,
impending,adj. 即将发生的,"im(to)+pend(hang,悬挂)+ing",
ideological,adj. 意识形态的,,
illiterate,adj. 文盲的,"il(no,不)+literate(读写的)",
empirical,adj. 经验主义的,"empiri(experience,经验)+cal经验主义的",
ethnic,adj. 种族的,,
congruous,"adj. 一致的,协调的",,
indigenous,adj. 本土的,indi(indian 印第安+gen+ous=印第安是本土美洲人,
influx,n. 大量涌入,"in(into)+flux(flow,流)",
inferior,"adj. 次等的,劣等的",,
innate,adj. 先天的,in(加强)+nate(native),
informant,n. 告密者,inform(告知)+ant,
inhale,v. 吸入,,
exhale,v. 呼气,,
impenetrable,adj. 不能穿过的，不能理解的,"im(not)+penetra(penetrate,穿，刺)",
gripe,n. 抱怨,grape 葡萄=吃不到葡萄就抱怨葡萄酸,
guild,n. 行业，协会,,
handful,n. 一把的量,a handful of coins 一把硬币,
,,a handful of people 几个人,
intervene,v. 介入，干预,,
intrigue,v. 引起好奇,,
intricate,adj. 复杂的,,
intimate,adj. 亲密的,,
interstellar,adj. 星际间的,,
interplanetary,adj. 行星间的,,
invariably,adv. 始终不变地,,
internship,n. 实习,,
intrinsic,adj. 内在,,
latitude,n. 纬度,,
leaflet,n. 嫩叶；传单,,
legible,adj. （字迹）清晰的，易读的,"leg(lect,lecture 演讲)+ible",
legitimate,adj. 合法的,"leg(law, 法律)+itimate",
keen,adj. 敏锐的，热心的,(can 能) 本身能才有资本热心,
kinship,n. 亲属关系,"kin(kind, 同类,亲属)+ship(状态,关系)",
jagged,adj. 锯齿状的,"jagg(""吱嘎""的割锯声)+ed",
jot,"v. 快速写下 n. 少量,少许",dot 点= 快速写下,
diffusion,"v. 扩撒, 传播",,
exceedingly,"adv. 极其,非常",,
superseded,adj. 被取代的,,
game,n. 猎物,,
encroach,"v. 逐步侵犯,蚕食 ",,
typically,"adv. 典型的,通常情况下",,
gratify,"v. 使高兴, 使满足",,
garrison,n. 卫戍部队,,
germ,"n. 芽孢, 胚胎; 微生物,细菌",,
fortification,n. 加固 ;碉堡；围墙；炮台；防御工事,,
fort,"n. 要塞,堡垒,城堡",,
lopsided,adj. 不平衡的,,
lobe,n. (身体器官的)叶,,
locomotive,n. 机车，火车头,loco(place 位置)+motive(运动的),
locale,"n. 事件发生的现场, 地点",,
lossen,v. 放松,,
locomotion,n. 运动,,
magma,n. 岩浆,,
maneuver,v. 控制，操纵,,
mantle,n. 地幔，覆盖层,,2
malfunction,n. 故障 v. 出现故障,mal(坏的)+function(功能),
manifest,adj. 明显的 v. 显现出,mani(manu 手工)+fest(strike 击打)=都用手敲打了还不是表明吗,1
makeshift,adj.  临时替代的; 权宜的,make+shift(轮班),
mainstay,n. 中流砥柱,,
melodious,adj. 韵律优美的,melod(melody 旋律)+ious,
mercantitle,adj. 商业的,mercant(market 市场)+ile,
medieval,adj. 中世纪的,,1
metallic,adj. 金属的,,
metabolism,n. 新陈代谢,"meta(change 变化)+bol(bio, 生命)+ism",1
mediocre,adj. 平庸的,medi(middle 中间的)+ocre,
merchandise,n. 商品,,
mediate,"v. 调解, 斡旋",,
microbe,n. 微生物,,
nominate,v. 提名; 任命; 指派,,
oblige,"v. 强迫, 迫使",,
obedience,n. 顺从,,
nomad,"n. 游牧人, 游牧部落",,
nomadic,"adj. 游牧的, 流浪的",a bomadic tribe 游牧部落,1
nonetheless,adv. 然而,nevertheless 然而,
notation,n. 符号,,
oblige,"v. 强迫, 迫使",,
nurture,v. 培育,,
onset,"n. (坏事情的)开始,发作",on(开始)+set(发生)    onset of the disease 病情发作,
obsession,"n. 着迷,困扰",,
intensive,"adj. 加强的, 密集的",intensively adv. 强烈地；集中地,
intense,adj. 强烈的,,
intensify,v. 加强,,
intensity,"n. 强度, 强烈",,
instigate,v. 煽动,"in(into)+stig(sting 刺,刺激)+ate",
hygienic,adj. 卫生的,,
oscillate,"v. 摆动, 波动",o+scill(scale 天平)+ate,
outcrop,n. 露天岩石,out(出来)+crop(庄稼),
outdo,v. 胜过；优于,,
oasis,n. 绿洲,,
osmosis,n. 渗透,,
oyster,"n. 牡蛎, 蚝",,
ostracize,"v. 排挤, 排斥","来自贝壳放逐法, oyster",
parasite,n. 寄生物,a parasite live in paradise,
outwit,v. 以机智胜过,out(胜出)+wit(智慧),
overcast,adj. 阴天的,over(覆盖)+cast,
overriding,adj. 最主要的,"over(在之上)+rid(ride, 骑, 控制)+ing",
overt,adj. 明显的,,
penchant,"n. 倾向, 嗜好",,
perceive,"v. 感知, 察觉, 将...视为",per+ceive(receive),
peripheral,"adj. 外围的, 边缘的",,
peck,v. 啄,,
patchy,adj. 分布不均衡的; 不是很可靠的,,
patch,"n. 小块, 小片, 补丁",,
paucity,n. 缺乏,pauc(poor 贫穷)+ity,
parlor,"n. 客厅, 小卖部","(""怕热"")= 客厅,小卖部 可以躲避炎热",
perch,"n. (鸟的)栖息处, 栖木 v. 栖息, 轻轻坐在",branch 树枝,
peninsula,n. 半岛,,
perceptive,adj. 有洞察力的,,
pedestrian,"n. 行人,步行者 adj. 平庸的",,
plateau,n. 高原,plate(平面)+au(高),
permeable,adj. 可渗透的,,
plentiful,adj. 丰富的,,
piercing,"adj. 尖利的, 刺耳的",,
photosynthesis,n. 光合作用,,
synthesis,n. 合成,,
synthesize,v. 合成,,
pinpoint,v. 精准定位,,
perplex,v. 使困惑,per+plex(complex),
pertroleum,n. 石油,,
phenomenal,adj. 非凡的 杰出的,,
plague,"v. 困扰, 折磨 n. 瘟疫",a breakout of plague,
snowdrift,n. 雪堆,,
low-lying,adj. 低洼的,,
lichen,n. 地衣,,
cushion,"n. 坐垫, 缓冲",,
prostrate,adj. 匍匐的,,
deity,n. 神,,
depict,"v. 描绘, 描述",,
grind,v. 磨碎,,
pot,"n. 锅, 容器",,
potter,n. 陶瓷工,,
pliable,adj. 柔韧的,pli- 弯曲,
pliers,n. 钳子,弄弯的东西就是钳子,
plumage,n. (鸟的) 全身羽毛,,
plume,n. 大而柔的羽毛,,
portray,v. 描绘,,
portrait,n. 肖像,,
pollinate,v. 授粉,"pollin(pollen, 花粉)+ate",
porcelain,n. 瓷器,"(""宝瓷林"")",
plunge,"v. 暴跌, 急剧下降","plunge(""扑浪者"")=投入, 跳入👉暴跌",
plummet,"v. 暴跌, 速降",,
plumb,"v. 探究, 铺设管道 n. 铅锤",,
plumbing,n. 管道系统,,
poke,"v. 戳, 刺",to poke with a point(尖端),
plight,n. 困境,"p(不,没有)+light",
primordial,adj. 原始的,"pre(before)+mord(morden, 现代的)+ial",
potent,adj. 强有力的,pot(put)+ent=能够放下的👉强有力的,
puctuate,v. 不时打断,"punctuate(point, 点)+uate 加标点",
rapport,"n. 融洽, 和谐","(""软泡的"")",
recipient,n. 接受者,,
ration,v. 配给,"radio(比率,比例)+n=定量配给",
reckon,"v. 计算, 估计","reason v. 思考, 推断",
ragged,adj. 衣衫褴褛的,rag 破布,
radiator,"n. 暖气片, 散热器",,
receipt,"n. 收据, 发票",,
rape,n. 油菜,,
ravage,v. 严重破坏,savage 野蛮,
savage,"adj. 凶残的, 野蛮的 n. 野蛮",,
rational,"adj. 合理的, 理性的, 明智的",,
rally,v. 聚集 n. 集会,"ra(re, 再次)+lly(ally, 联盟)",
rebel,"v. 造反, 反抗",,
recipe,n. 食谱; 秘诀,Her recipe for success is hard working,
reef,n. 礁,,
reclaim,v. 开垦; 取回,reclaimed marshland 被开发利用的沼泽地,
recur,"v. 复发, 重现",,
regurgitate,v. 反刍,"re+gurgi(""咯吱"", 咀嚼)+tate",
remnant,n. 剩余,,
reinforce,v. 巩固,,
refreshing,adj. 使人耳目一新的,,
relay,"v. 传达, 转发",,
remunerate,v. 酬劳,"re(加强)+muner(money, 钱)+ate",
refund,n. 退款,,
refractory,"adj. 耐高温的, 难熔化的","re+fract(break, 破坏)+ory",
reflex,"n. 反射动作, 本能反应","re(bakc, 回来)+flex(flect, bend, 弯曲, 折叠)",
regime,n. 政权,,
regiment,n. 军团,,
redundant,adj. 冗余的,,
recount,"v. 讲述, 叙述",,
reluctant,adj. 勉强的,"re(加强)+luct(locked, 锁住的)+ant=勉强的",
reed,n. 芦苇,,1
depletion,n. 耗尽,"de(off)+plet(plate, 盘子)+ion",1
cruise,"v. 巡航, 巡游",,1
craze,n. 狂热,,1
pertain,"v. 关于, 适合于",,
lethal,adj. 致命的,,
detriment,n. 伤害,,
revive,"v. 苏醒, 复活","re+vive(live, 活)",
responsive,adj. 反应敏捷的,,
restrain,"v. 约束, 控制",,
strain,v. 使达到极限 n. 压力; 重负; 张力,,
residual,adj.  剩余的. 残留的,,
rib,n. 肋骨; 排骨,,
resonate,v. 发出共鸣,re+son(sound)+nate,
repercussion,n. (间接的)影响，反响，恶果,,
percussion,n. 击打乐器,,
rhinoceros,n. 犀牛,,
reside,"v. 居住, 定居",,
residual,"adj. 剩余的, 残留的","=还在居住的👉剩余的, 残留的",
carnivore,n. 食肉动物,"carni(flesh)+vore(devour, 吞食)",
impediment,"n. 妨碍, 阻碍",a speech impediment 言语障碍,
dorment,adj. 休眠的,,
immigrant,n. 迁入移民,,
emigrant,n. 外迁移民,,
migrant,n. 移民,,
revenue,"n. 收益, 税收",,
ruffle,"v. 激怒, 烦扰",,
ruminate,"v. 反刍, 沉思",rumin(又磨)+ate,
riot,n. 暴动,,
runoff,"n. 径流, 溢出",,
scour,v. 冲刷,"(""死刮"") = 冲刷",
scorch,"v. 烤焦, 烧焦","(""死烤之"")",
sedentary,"adj. 久坐的, 定居的",seden(settle 定居)+tary,
satire,n. 讽刺文学,,
saturation,n. 饱和,,
savvy,adj. 精明的 n. 见识,,
hygienic,adj. 卫生的,"hygien(health, 健康)+ic",
humiliate,v. 羞辱,hun(ground)+iliate = 使匍匐在地上,
fare,n. 车费 v. 进展,,
seafaring,"adj. 海上劳作的, 海上航行的",a seafaring nation 航海民族,
sanctuary,"n. 圣殿, 避难所, 庇护","sanct(saint, 圣人)+uary",
scavenge,v. 食腐; 捡垃圾,"sca(scan 扫描, 寻觅)+venge(savage, 野蛮的)",
seam,n. 矿层,sew 缝合 = 接缝 = 地层接缝👉矿层,
secular,adj. 世俗的,"(""塞口"")=吃饭要塞口=民以食为天👉世俗的",
sarcastic,adj. 讽刺的,,
shun,"v. 避开, 避免",shy 害羞 = 因为害羞而避开,1
singular,adj. 单数的,,
shipyard,"n. 船坞, 造船厂",,
sihouette,n. 轮廓,"(""see 了 what"") = 只看见个轮廓所以来问问",
sensation,"n. 感觉, 知觉",,
serpentine,"adj. 蜿蜒的, 弯曲的","(""蛇盘"")+tine",
sinuous,"adj. 蜿蜒的, 弯曲的",sin(罪恶)+uous = 罪恶的人心理都是扭曲的,
sewage,"n. 污水, 污物",industrial sewage 工业废水,
shear,v. 修剪,,
shame,"n. 可惜, 遗憾",sham(假的东西)+e,
simultaneous,adj. 同时发生的,,
setup,n. 体制; 组织方式; 圈套; 陷阱; (电脑硬件或软件的) 安装,,1
smelt,v. 熔炼,s+melt(熔化),
melt,v. (使) 熔化，融化,,
slab,n. （石、木等坚硬物质的）厚板,a slab of chocolate 一大块巧克力,
slot,"n. 时段; 狭缝, 狭孔",,
slender,"adj. 细长的, 苗条的",,
skyscraper,n. 摩天大楼,sky+scrape(刮擦)+r = 可以刮擦到天空的,
sludge,n. 烂泥,,1
slit,n. 裂缝,"(""撕裂"")",
sleek,adj. 光滑的,snake的皮肤是光滑的,
sizable,adj. 相当大的,,
smother,"v. 闷死, 使窒息",smoke太大让人窒息,
snatch,"v. 抓, 夺","catch 抓   (""死拿起"")=比较猛的拿👉抓, 夺",
speghetti,n. 意大利面条,,
spectacle,n. 壮观景象,,
spawm,"v. 产卵; 引发, 导致",,
specimen,"n. 标本, 样品",,
spectator,n. 观众,,
spacious,adj. 宽敞的,,
sparrow,n. 麻雀,sp+arrow = 古人用弓箭来射麻雀,
specify,v. 明确要求; 具体说明,"speci(special, 特定的)+fy",
soot,n. 烟灰,(shoot 射击) = 开枪射击会产生烟灰,
sodium,n. 钠,苏打 Na2CO3,
spledndid,adj. 壮丽的,,
speculate,v. 推测,,
staple,adj. 主要的,staple food 主食,
squat,v. 蹲下,(square 正方形) = 人蹲下身体变成正方形,
spiral,adj. 螺旋的,"spi(spin, 旋转)+ral",
stark,"adj. (指区别) 明显的, 鲜明的; 荒凉的; 粗陋的",荒凉的地方什么都很明显,
squirt,v. 喷射,,
spew,v. 喷出,,
spontaneous,adj. 自发的,spont(sponsor 赞助人)+aneous = 赞助都是自发的,
spoil,"v. 变质; 毁坏, 破坏; 溺爱",,
despoil,v. 掠夺,de(加强)+spoil(破坏),
startle,v. 使震惊,"start(出发)+le = 突然启动, 震惊",
stationary,adj. 静止的,,
steep,"adj. 陡峭的 v. 浸泡, 沉浸",,
statesmen,n. 政治家,,
stature,n. 身高; 声望,He is small in stature,
stellar,adj. 恒星的,,
stitch,v. 缝合,,
statue,"n. 塑像, 雕像",,
steer,"v. 引导; 控制方向, 驾驶",,
stony,"adj. 石头多的, 冷漠的",,
stir,"v. 搅动, 刺激",,
stint,"v. 节约, 吝啬 n. 少量活动, 少量时间",,
steppe,n. 大草原,"a steppe is not steep, but flat",
sterile,adj. 贫瘠的; 无菌的,?,
strenuous,"adj. 需要很多力气的, 奋力的",strenuously exercise,
subterranean,adj. 地下的,"sub(下面的)+terran(terrain, 陆地)+ean",
terrain,n. 地形,,
subsist,"v. 维持生活; 存在, 有效","sub(下面的)+sist(insist, 坚持)",
subjective,adj. 主观的,,
stratum,"n. 地层, 岩层(pl. strata)",,
strait,n. 海峡,,
subsidy,"n. 津贴, 补助金",,
stratify,v. 使分层,,
subduct,"v. 下沉, 下降","sub+duct(拉, 引导)",
streak,n. 条纹,strip 带子,
substantiate,v. 证实,"substant(substance, 物质)+iate",
stripe,n. 条纹,,
stylistic,adj. 风格上的,,
subdue,v. 征服,,
stride,n. 步伐,st(street)+ride,
composition,"n. 构成, 作品, 作文",,
decomposition,n. 分解,,
temperament,n. 性情,temper(脾气)+a+ment,
swarm,n. 蜂群; 一大群 v. 挤满,"s+warm(温暖的) = 蜂喜欢拥挤再温暖的地方
a swarm of people 一群人",
syllabus,n. 课程大纲,,
syllable,n. 音节,,
surmise,"v. 推测, 臆测",sur(surface)+mise 浮于表面当然只是猜测,
supervise,"v. 监督, 指导",super(上层)+vis(看)+e = 在上面看👉监督,
thrive,"v. 繁荣, 兴旺",river是thrive的基本条件,
thanseverse,adj. 横向的,transverse section,
treaty,"n. 条约, 协定","treat(对待, 处理)+y",
traumatic,adj. 创伤的,,
trauma,n. 痛苦经历，挫折,,
post-traumatic stress disorder,PTSD (创伤后精神紧张性精神障碍),,
thoughtful,"adj. 沉思的, 体贴的",,
torrid,adj. 酷热的,"(""太热的"")",
tragedy,n. 悲剧,comedy(喜剧),
tornado,n. 龙卷风,,1
trample,v. 践踏,,
tramp,"v.拖着沉重的脚步走，踩，踏；长途跋涉
n. 流浪汉",,
tremble,v. 颤抖,,
tow,"v. 拖, 拽","(""拖"")",
tin,n. 锡,,
transient,adj. 短暂的,trans(穿过)+ient,
toddler,n. 初学走路的孩子,,
thrust,n. 推动力,rust化就是thrust,
traverse,"v. 横跨, 穿越",,
tranjectory,"n. 轨道, 轨迹",,
treaty,"n. 条约, 规定",,
undertaking,n. 事业; 承诺,,
tutelage,"n. 教导, 指导",,
tribal,adj. 部落的,,
turbulent,"adj. 动荡的, 混乱的",,
uncharted,adj. 未知的; (情形、经历、活动)不为人熟悉的; (地域、水域)未被探索的,,
undermine,"v. 逐渐削弱(信心, 权威等)",undermine his authority 破坏他的威信,
unprecedented,adj. 史无前例的,,
varnish,n. 清漆 v. 涂清漆,"(""哇你shine"")",
vacate,"v. 搬出, 腾空;辞(职); 让(位)",vacate的时间就是vacation(假期),
unearth,"v. 发掘, 出土",,
tribute,n. 颂词,,
ubiquitous,"adj. 无处不在的, 十分普遍的",,
vine,n. 葡萄藤,,
wary,adj. 警惕的,,
virtuosity,n. 技艺精湛,,
violate,v. 违反,,2
vestigial,"adj. 退化的, 残留的",,1
vestige,n. 遗迹,,
vibrant,adj. 精力充沛的,,
wag,"v. 摇摆, 摆动",,
ward,"v. 保卫, 抵御 n. 病房",,
vitality,"n. 生命力, 活力",,
venomous,adj. 有毒的,,
voyage,"n. 航行, 航海",,
vogue,n. 时尚,,
wane,v. 月亏(月亮从满月渐渐变残); 减弱; 减少,,
warrant,v. 使…显得必要; 使…显得适当 n. 搜查令,搜查令让A的闯入显得适当,
zenith,"n. 巅峰
the time when sth is strongest and most successful","z(""Z""是英文字母的最后一个)+eith = 天",
wreck,n. 残骸 v. 摧毁,"weak 弱的 👉 残骸
shipwrecked (饥荒)海难",
cater,"v. 满足需要, 迎合",,
cassette,n. 盒式录像带,,
yarn,n. 纱,,
vitality,n. 生命力，活力,,
worship,v. 崇拜; 敬奉; 爱慕,"wor(worth, 价值)+ship(状态, 性质) = 认为有价值, 所以崇拜",
allegiance,n. 忠诚,"al(= ad, to)+leg (= law, 法律)+iance = 遵守法律 👉 忠诚",
boost,"v. 提高, 促进",,
welfare,n. 福利,,
watershed,"n. 分水岭, 转折点",,
mend,"v. 修理, 修补, 痊愈",,
amend,"v. 修改, 完善",amended version 修订本,
allocate,v. 分配,,
caustic,adj. 腐蚀性的; 刻薄的,,
creed,"n. 信条, 教义",,
concede,v. 让步,con+cede(走) = 双方都走一步 = 让步,
coherent,adj. 有条理的,,
courageous,adj. 勇敢的,,
credence,n. 可信度,,
cordial,adj. 热情友好的；和蔼可亲的,,
counterexample,n. 反例,,
consent,v. 同意,con+sent(send),
controllable,adj. 可控制的,,
compliment,"n. 恭维, 称赞",,
confide,v. 吐露(心声),"confidence 信任, 自信
向信任的人吐露心声",
confess,"v. 悔恨, 供认",,
cruelty,n. 残忍,,
commensuate,adj. 相称的,con+mensur(measure)+ate,
compliment,"n. 恭维, 称赞",,
comtempt,n. 蔑视；轻蔑,con(一起)+tempt(弹拨他) = 蔑视,
consequential,adj. 随之而来的; 重要的,consequential loss 间接损失,
conspiracy,"n. 密谋策划, 阴谋",con+spi(spy 刺探)+racy = 一起刺探肯定有阴谋,
deduct,"v. 减去, 扣除",,
deduction,"n. 演绎, 推理; 减去, 扣除",,
deductive,"adj. 演绎的, 推断的",,
dazzle,"v. (强光等) 使眼花, 使目眩",,
depreciate,v. 贬值,de(down)+preci(price)+ate,
discourse,"n. 论文, 演讲",,
disclaim,n. 否认,dis+claim,
detain,v. 耽搁; 拘留,"de(away)+tain(retain, hold)
Thank you. We won't detain you any further
谢谢您。我们不再耽搁您了",
decibel,n. 分贝,"deci(十进制的)+bel(""贝"")",3
dedicate,v. 奉献,dedi(daddy)+cate 父亲总是奉献,1
dismay,v. 使沮丧,"dis+may(""霉"")",
decency,"n. 正直, 体面",,
decent,"n. 得体的, 正派的",,
decent,adj. 正直的,,
dilute,v. 稀释,,
diligent,adj. 勤奋的,,
cunning,adj. 狡猾的,,
debatable,adj. 有争执的,,
purse,n. 钱包，皮夹子（尤指女用的）,,
disburse,"v. 支付, 支出",dis(away)+burse(purse),
broccoli,n. 西兰花,,
endemic,"adj. 地方性的, 局限特殊人群的",,
dramatize,v. 改编成戏剧,,
distrust,v. 不信任,,
excursion,n. 远足,,
dissertation,n. 博士论文,,
enquiry,n. 询问,,
exemption,n. 免除,,
dock,n. 码头 v. 扣除,,
dumb,adj. 哑的,,
exclaim,v. 欢呼,,
distasteful,adj. 讨厌的,,
elevate,"v. 举起, 升高",,
dogma,"n. 教义, 信条",,
earnest,"adj. 认真的, 诚恳的",(earn 挣钱) = 要挣钱必须要有认真诚恳的态度,
eternal,adj. 永恒的,"e(ex, out)+tern(term, 期限, 终结)+al = 没有终结的",
enchant,v. 使入迷,the enchanted audience 入迷的观众,
endemic,"adj. 地方性的, 局限特殊人群的&流行
regularly found in a particular place or among a particular group of people and difficult to get rid of ",en(in)+dem(people)+ic = 地方性的,
fabricate,v. 制造,fabric(纤维)+ate = 生产纤维,
feverish,adj. 发烧的,,
fender,n. 挡泥板,,
exhilarate,v. 令人兴奋的,,
filth,"n. 污秽, 肮脏",(filter 过滤) = 过滤掉里肮脏的东西,
flea,n. 跳蚤,"(flee, 逃走)",
fable,n. 寓言,,
exponent,n. 指数的; 典型的,,
eyewitness,n. 目击者,,
foe,n. 仇敌的,"(""否"")",
feminism,n. 女权主义,,
famine,n. 饥荒,fam(farm 村庄)+in+e(end 终结),
flare,v. 闪耀,,
fatalism,n. 宿命论,,
exhilarate,v. 使人兴奋,"ex(out)+hilar(Hilary 希拉里)+ate
Trump 战胜了 Hilary 很兴奋",
exponent,"n. 指数, 典型; 拥护者",,
exhume,v. 挖掘,"ex(out)+hume(ground, 地面)",
formost,adj. 最重要的,fore(前面)+most(最),
fleck,n. 斑点,,
fell,v. 伐木,,
fender,"n. 挡泥板, 防护物",,
gorge,n. 峡谷,Three Gorges Dam Project,
litter,"n. 垃圾, 废弃物, 杂物 v. 乱扔, 使乱七八糟",,
glitter,v. 闪光,,
hiccup,v. 打嗝,,
haven,n. 避难所,,
foreseeable,adj. 可预见的,,
grill,v. 烧烤,,
hatred,n. 仇恨,"hat(hate, 讨厌)+red = 讨厌到红眼",
heritage,n. 遗产,,
garner,"v. 收集, 采集","gather 聚集, 集合",
glamorous,adj. 有魅力的,,
glassware,n. 玻璃制品,,
groan,"v. 呻吟, 抱怨",,
handkerchief,n. 手帕,,
genesis,"n. 起源, 产生",generate 产生,
grip,n. 抓住,,
grief,n. 悲痛,grief总是brief的,
hedge,"n. 篱笆 v. 对冲, 平衡风险",,
illegible,adj. 难辨认的; 模糊的,an illegible signature,
icon,n. 图标,,
impair,"v. 损害, 削弱",,
hype,"n. 大肆渲染, 炒作",media hype 媒体炒作,
incline,v. 使倾斜,,
hyper,adj. 亢奋的,,
incessant,adj. 不停的,incessant rain 连绵不绝的阴雨,
howl,v. 嚎叫,,
idiom,"n. 习语, 成语",,
implausible,adj. 不合情理的,,
incur,v. 招致,,
humidify,v. 加湿,,
holy,adj. 神圣的,,
impede,"adj. 妨碍, 阻碍",,
impartial,adj. 公平的,,
impair,"v. 削弱, 损害",,
implausible,adj. 不合情理的,,
contempt,v. 轻视,,
tonal,adj. 音调的,,
jaded,adj. 疲惫的,,
insult,v. 辱骂,in+sult(salt) = 灌盐水 👉 辱骂,
inductive,adj. 归纳的,,
infantry,n. 步兵,"infan(infant, 婴儿)+try = 部队里的婴儿",
intern,n. 实习生 v.拘禁,,
inductrious,adj. 勤奋的,工业就得勤奋,
institutionalize,v. 使...制度化,,
indigent,adj. 贫穷的,"(""硬地震他"")",
indigestible,adj. 难消化的,,
insane,adj. 疯狂的,,
sane,"adj. 精神健全的, 明智的",,
indignant,adj. 愤慨的,"in+dign(dignity, 尊严)+ant = 被无视尊严而愤慨",
inflict,v. 折磨,,
jaded,adj. 疲惫的,,
inductive,adj. 归纳的,,
laundry,n. 洗衣店,,
ledge,n. (自峭壁突出的)岩架,l+edge,
jolly,adj. 快乐的,,
kindle,v. 点燃,,
lengthen,v. 延长,,
judgement,n. 判断,,
lave,"v. 冲刷, 冲洗",live 活的 = 用流水 (活水) 冲洗,
ligeage,"n. 血统, 世系",line+age = 连成线的世系,
legislate,v. 立法,leg(法律),
legacy,n. 遗产; 遗留问题,leg(法律),
jewel,n. 宝石,,
knob,n. 旋钮;  (门或抽屉的) 球形把手,,
ken,"n. 视野, 知识领域",ken 没有视野😂,
lame,adj. 跛腿,,
knob,"n. 把手, 门把",,
levy,n. 税款 v. 征收,"le(""来"")+v = 来v我50 👉 征收",
judicious,"adj. 明智的, 有判断力的",,
linger,"v. 徘徊, 逗留",linger for a while,
macro,"adj. 宏大的, 总体的",,
miracle,"n. 奇迹, 奇事",,
materialism,n. 唯物主义,,
mansion,"n. 大厦, 豪宅",A Dream in Red Mansions 红楼梦,
marshal,v. 召集; 安排 n. (尤指体育赛事的) 典礼官; 警察局长; 消防队长,,
magnitude,"n. 重要性, 震级",magn(大)+itude,
milestone,n. 里程碑,,
measured,adj. 慎重的,,
lodging,n. 住宿,,
lofty,adj. 崇高的,lofty ideals 崇高的理想,
sentiment,"n. 情绪, 观点",lofty sentiment 高尚的情操,
sentimental,"adj. 感性的, 伤感的",senti(感觉)+mental(精神的),
majestic,"adj. 雄伟的, 壮丽的",,
majesty,n. 雄伟; 壮丽; 陛下,,
mine,n. 哑剧,,
merit,"n. 优点, 价值","meri(merry, 美好快乐的)+t",
manual,adj. 纯手工的,,
mend,v. 修理,"(""慢的"") = 修理耗费时间",
lobby,"n. 大厅, 休息厅; 游说","(""捞逼""需要去大厅休息)",
marshal,"v. 集结, 整理 n. (美国等国家的) 警察局长, 消防队长等",,
mingle,v. 混合,,
dread,n. 恐惧 v. 惧怕,,
prompt,v. 促使,,
proficient,"adj. 熟练的, 精通的","pro+fic(make, do, 做)+ient",
proceeds,n. 收益,,
proceed,"v. 接着做, 继续做某事",He outlined his plans and then proceeded to explain them in more detail,
procure,"v. 采购, 获得",,
proclaim,v. 宣称,,
preach,v. 说教，讲道,preach people to pray 劝说人们多祈祷,
ponder,"v. 沉思, 考虑",,
perimeter,n. 周长,,
pupil,n. 瞳孔; 学生,,
Ornithology,n. 鸟类学,"(""屙鸟屎"")+logy",
reap,v. 收获,,
publicize,v. 宣传,,
numb,adj. 麻木的,,
pinch,"v. 捏, 掐 n. 一撮",a pinch of salt 一撮盐,
plank,n. 木板,,
probe,v. 调查,,
nude,adj. 裸体的,,
quest,"n. 探索, 寻找",,
mourn,"v. 哀悼, 悲痛",,
openness,"n. 坦率, 坦诚",,
remedy,"v. 改正, 纠正 n. 解决办法; 疗法,药品",re(加强)+medy(medical),
obedient,adj. 服从的,,
nylon,n. 尼龙,,
rigor,"n. 严格, 严厉","(""严格"")",
raid,v. 突袭,to raid by riding,
refute,v. 驳斥,,
motto,"n. 箴言, 格言",,
refract,v. 使折射,,
prelude,n. 序曲,,
pierce,"v. 穿透, 戳穿",,
originality,n. 独创性,,
overdue,adj. 过期的,,
oracle,"n. (尤指古希腊的)神谕, 女祭司",,
perpetuate,v. 使永存,"per(全部, 永久)+pet(追求)+uate",
presevere,v. 坚持不懈,"per(thorough, 贯穿)+severe(严厉)",
severe,adj. 严重的; (批评)严厉的,,
overhaul,v. 彻底检修,over+haul(拉) = 都拉得很紧 👉 彻底检修,
pastime,"n. 消遣, 娱乐",,
pictorial,adj. 图画的,,
painstaking,"adj. 辛苦的, 辛勤的",,
pious,adj. 虔诚的,pi(怕)+ous = 虔诚的,
practicality,n. 实用性,,
pierce,"v. 穿透, 戳穿",,
precedent,n. 先例,,
pamphlet,n. 小册子,,
outrageous,"adj. 荒谬的, 难以置信的",out+rage(愤怒)+ous,
prepetuate,"v. 使永存, 使延续","per(thorought, 贯穿)+petu(push, 推动)+ate",
rake,n. 靶子 v. 搜索,,
recess,"n. (会议、法庭或政府等官方机构的) 休息, 隐蔽处, 壁橱","The hearings have now recessed for dinner.
听证会现已暂时休会以便大家吃饭。",
quota,"n. 限额, 定额",,
rebate,"n. 退还款, 折扣",a tax rebate 退还税款,
reckless,"adj. 轻率的, 鲁莽的",,
ransom,n. 赎金,a king's ransom 一笔巨款,
profess,v. 声称,,
professor,n. 教授,,
reachable,adj. 可达到的,,
provision,n. 供应,,
pry,v. 打听 ; 撬开,pry into one's personal life,
reel,"n. 卷轴, 卷筒",,
queer,adj. 奇怪的,"(""怪啊"")",
recollect,v. 回忆,,
preponderance,n. (数量或力量上的)优势,pre(before 提前)+pond(pound 重量) + erance 优势,
provision,n. 供应,,
redress,v. 矫正,re+dress = 矫正,
prosecute,v. 起诉,"pro+secu(sequence, 序列) = 进入(法律)程序",
roost,"n. 栖息处, 鸟巢","roo(roof, 屋顶)+st(stay)",
rifle,n. 步枪,,
riddle,"n. 谜, 谜语",,
repute,n. 名誉; v. 认为,reputation 名声,
retailiate,v. 报复,"re+tali(Taliban, 塔利班)+ate",
reimburse,v. 偿还,"re(back, 回来)+im(in, 进入)+burse(purse)",
repulse,v. 击退,re(反)+pulse(推) = 击退,
revolt,"v. 反抗, 反叛",,
regrettable,"adj. 令人惋惜的, 可惜的",,
repent,v. 后悔,"re+pent(""盼"") = 重新盼望 = 后悔",
revenge,"n. 复仇, 报复",,
rhetoric,n. 修辞学,"rhe(re,加强) + tor(tell, 说) +ic",1
resourceful,adj. 足智多谋的,,
refusal,n. 拒绝,,1
riddle,"n. 谜, 谜语",,
reproach,v. 责备,re+proach(near 接近) = 反复近距离指着鼻子说,
rejoice,v. 非常高兴,,
resolute,adj. 坚决的,"resolu(resolve, 解决)+te",
repent,v. 后悔,,
rthetoric,n. 修辞学,"rhe(re, 加强)+tor(tell)+ic",
scold,v. 责骂,,
sanitation,n. 公共卫生,"sanit(saint, 圣人)+ation",
saddle,v. 承担,seat 座位,
sauce,"n. 调味汁, 酱油",,
sausage,n. 香肠,,
seduce,"v. 诱骗, 唆使",,
scrutinize,"v. 细读, 审视",scrut(screw 拧螺丝)+inize = 像拧螺丝一样深入钻研,
scout,v. 侦察,,
serene,"adj. 宁静的, 安静的","(""色润"") = 宁静的地方色彩润",
salute,v. 敬礼,,
scorn,"v. 轻蔑, 鄙视",,
rote,n. 死记硬背,route = 按照固定路线的 👉 死记硬背,
scar,n. 伤疤,,
rustic,adj. 乡村的,,
savage,adj. 野蛮的,sav(save)+age,
shriek,v. 尖叫,"shark 鲨鱼 = 看到 shark 会 shriek ",
skyrocket,v. 猛涨,像火箭冲天一样,
skimp,"v. 节省, 吝啬",skim 略读,
sly,adj. 狡猾的,,
sincerity,"n. 诚实, 真实",sincere 真诚的,
skinny,adj. 极瘦的,skin 皮肤 = 皮包骨,
slander,v. 诽谤,撕烂她,
smelly,adj. 有臭味的,,
shepherd,n. 牧羊人,sheep 🐏,
slam,"v. ""砰""地关上",,
sidestep,v. 回避,,
slap,v. 拍击,p 拍,
sleeve,n. 袖子,,
sin,n. 罪恶,,
sluggish,adj. 迟缓的,,
slash,v. 大幅削弱,sl(死拉)+ash(灰尘),
shuffle,v. 洗牌,,
smear,v. 涂抹,s+mea,
uninterrupted,"adj. 没被打断的, 连续的",,
sustain,"v. 支持, 维持",,
inhabit,n. 居住,,
exploit,"v. 开采, 开发, 利用, 剥削",,
complex,n. 相关联的一组事物(system),"The 2,000 kilometer complex of reefs.
palace complex 宫殿建筑群",
amnesia,n. 健忘症,,1
consistent,"adj. 始终如一的, 一贯的; 一致的, 相符的; 连续的",,1
critical,"adj. 关键的, 病危的, 危急的, 批判性地",,2
superficial,adj. 表面上的,,1
zooplankton,n. 浮游动物,,
phytoplankton,n. 浮游植物,,1
plankton,n. 浮游生物,,
retain,"v. 保留, 保持",,
intrinsical,adj. 内部的,,
snug,adj. 温暖舒适的,"""死哪,哥"" = 温暖舒适的 = 地下室",
smug,adj. 自鸣得意的,sm哥,
sore,adj. 疼痛,,
sober,adj. 冷静的,"(""缩脖"")",
somber,"adj. 灰暗的, 忧郁的",,
soybean,n. 大豆,,
solemn,adj. 庄严的,,
sprinkle,v. 把... 撒在...上,,
spuander,v. 浪费,,
solder,v. 焊接,,
stagger,"v. 蹒跚, 摇晃",,
sour,adj. 酸味,,
stagnant,adj. 停滞的,"stag(stagger)+n+ant(蚂蚁) = 蚂蚁蹒跚就更慢了,几乎停滞 = 停滞的",
spate,"n. 一连串, 接二连三(通常指不愉快的事物)","(""死背的"")",
objective,n. 目标,,
significant,"adj. 重大的, 显著的",,
extensive,"adj. 广阔的, 广大地区的, 数量大的",,
vessel,"n. 船, 舰",,
fauna,n. 动物群,,
flora,n. 植物群,,
vertebrate,n. 脊椎动物 adj. 有脊椎的,,
invertebrate,adj. 无脊椎的,,
Mediterranean,adj. 地中海的,,
abrupt,adj. 突然的,,
archaeologist,n. 考古学家,,
"fluidity ",n. 流动性,,
religion,n. 宗教,,
speech,n. 说话的能力; 台词,freedom of speech 言论自由,
propose,"v. 建议, 提议",,
acquire,v. 获得,,
prestige,n. 声望,,
favorable,"adj. 有利的, 良好的","a favorable environment for ... ",
beverage,n. 饮料,,
spice,"n. 香料, 调味品",,
potential,"n. 潜力, 可能性",,
establishment,n. 机构; 权势集团,,
"catastrophic ",adj. 灾难性的,,
onrushing,"adj. (水)汹涌的, (车)飞驰的",,
odd,adj. 奇怪的,,
ever,在任何时候,,
interdisciplinary,adj. 跨学科的,,
mythology,n. 神话,,
name,v. 说出...的名字,,
squander,v. 浪费,"(""死惯的"")",
soundtrack,n. 原生音乐,,
solder,v. 焊接,,
strap,"n. 带, 皮带; 用带子系",,
steward,n. 乘务员,,
stew,n. 炖,,
ward,n. 病房,,
stumble,v. 趔趄， 绊倒,stump能绊倒人,
stump,n. 树桩,,
stronghold,"n. 要塞, 堡垒",strong+hold = 一定要守住的强点位,
stove,n. 炉子,,
stubborn,adj. 顽固的,,
superficial,"adj. 表面的, 肤浅的",,
subsidiary,"adj. 附带的, 次要的 n. 子公司","sub(下面)+sid(sit, 坐)+iary",
stale,adj. 陈腐的; 没有新意的,s+tale(传说),
succinct,adj. 简明的,"suc(sub, 下面)+cinct(scissor, 剪刀) = 剪掉下面多余的部分",
steak,n. 牛排,prork steak 猪排,
stocking,n. 长筒袜,(stock 木桩) = 长筒袜类似木桩,
succumb,v. 屈服,,
stern,"adj. 严厉的, 苛刻的","(""死等"") = 要求太苛刻了, 只能死等",
stoop,"v. 俯身, 弯腰","(""似兔扑"") = 弯腰, 俯身",
swell,v. 膨胀,,
substract,"v. 减去, 扣除",,
suggestive,adj. 引起联想的,,
stifle,v. 使窒息,"(""死die法"")",
subvert,"v. 颠覆, 破坏",sub+vert(转),
torrent,"n. 激流, 洪流; 迸发",,
tributary,n. 支流,,
treason,n. 叛国,treat+reason,
sympathy,n. 同情,sym(same)+path(感情)+y,
temper,n. 性情,,
terminate,"v. 结束, 停止",,
trespass,v. 擅自进入,tres(横向)+pass(经过) = 横着经过某地,
transcript,n. 抄本,,
tortoise,n. 龟,,
therapy,"n. 治疗, 疗法",n. 散热片,
taboo,n. 禁忌,,
tint,"v. 上色, 染色 n. 色彩",distinct 明显的 = 上了色后好区分,
distinct,截然不同的; 有区别的; 清楚的; 确定无疑的,,
thrifty,adj. 节约的,My mother taught me to be thrifty,
trifle,"n. 琐事, 小事",,1
tense,adj. 拉紧的,,1
tepid,adj. 不热情的; 微温的,"(""太疲的"") || a tepid bath 温水浴",1
tentative,"adj. 实验性的, 踌躇的",tentative conclusion 初步结论,
threshold,"n. 门槛, 临界值",,
tread,"v. 踩, 踏",,
tournament,n. 锦标赛,,
throng,n. 大群,a throng of excited spectator 一大群兴奋的观众,
viral,adj. 病毒的,,
vex,v. 使烦恼,a vexing problem 一个令人烦恼的问题,
wade,v. 跋涉,wade through sth. 艰难地处理,
verse,"n. 诗歌, 韵文",,
weep,"v. 流泪, 哭泣",,
tumble,"v. 摔倒, 跌倒","(""贪步"")",
vicious,adj. 凶恶的,vice n. 邪恶,
twine,v. 缠绕,,
trivial,"adj. 琐碎的, 不重要的",,
weary,adj. 疲倦的,wear+y = 一直穿戴会很累,
virtuous,adj. 有道德的,,
veil,n. 面纱,,
vest,n. 背心,,
unravel,v. 解开,,
ravel,v. (绳子或线)缠绕; 使...缠绕,rua = 缠绕,
genre,"n. 类型, 体裁",,
wicked,adj. 邪恶的,,
whip,v. 鞭打 n. 鞭子,,
weld,v. 焊接,wel(well)+d = 焊接就是使变好,
zealous,adj. 热情的,zeal很热情,
whisper,v. 低语,whi(who)+sper(speak) = 不知道谁说话 👉低语,
deviate,v. 背离；偏离,,
deliberate,adj. 故意的,,
approach,"v. 靠近, 接近 n. 方法",,
determined,adj. 坚定的，坚决的,,
raccoon,n. 浣熊,,
continent,"n. 洲, 大陆",,
restock,v. 补充; 重新进货,,
presumably,"adv. 很可能, 大概, 想必是",,
presume,v. 推测,,
flourish,"v. 繁荣, 兴旺, 茁壮成长",,
passage,"n. 走廊, 通道; 章节; (时间的)流逝",Her confidence grew with the passage of time. 她的信心与日俱增,
sheer,"[ only before noun] used to emphasize the size, degree or amount of sth （用来强调事物的大小、程度或数量）","We were impressed by the sheer size of the cathedral.

The sheer passage of time.",
enduring,"adj. 持久的, 持续的",,
episode,"n. (人生的) 一段经历; (小说的) 片段, 插曲; (电视剧等的)一集",,
repression,n. (对感情、欲望等的) 压抑,,
ordinary,adj. 普通的,,
toddler,n. 学步的儿童,toddler period 蹒跚学步时期,
hazard,"n. 危险, 危害",,
extensive,adj. 大面积的， 广阔的,,
concentration,n. 浓度,high concentration of iridium,
sedimentary,adj. 沉积的,,
asteroid,n. 小行星,,
yawn,n. 打哈欠,,
flaw,n. 缺陷,,
predict,v. 预测,,
conductance,n. 电导率,,
suppress,"v. 镇压, 阻止",,
demonstrate,"v. 证明, 展示, 游行示威",,
courier service,快递服务,,
shareholder,n. 股东,,
toll,n. 通行费,,
merchant,n. 商人,,
shipment,n. 运输,,
suppression,"n. 镇压, 压制, 抑制",fire suppression 灭火,
essentially,adv. 基本上,,
illuminate,"v. 照明, 阐明",,
agent,"n. 代理人, 经纪人, 试剂",oxidizing agents 氧化剂,
textile,n. 纺织品,,
terrestrial,adj. 陆地的,"terre(terrain, 地形)+strial",
thermal,"adj. 热的, 热量的",thermal energy,
tectonic,adj. 地壳构造的,"tect- 木匠, 建造者",
tectonic plate,n. 构造板块,,
tender,"adj. 嫩的, 温柔的; 法定货币",,
tame,adj. 温顺的 v. 驯化,,
temporal,adj. 世俗的; 时间的,,
tempo,"n. 速度, 节奏",,
mount,"v. 安放, 安装;  增加  n.山峰",,
hue,"n. 颜色, 色彩; 信仰；观点",The same hue will look different in different light.,
imprint,v. 压印 n. 印痕,Every detail is imprinted on my mind,
implicate,"v. 牵涉, 涉及; 表明",The results implicate poor hygiene as one cause of the outbreak,
hygiene,n. 卫生,personal hygiene 个人卫生,
improvise,n. 即兴表演,,
potable,adj. 可饮用的,pot(锅)+able = 可放入锅的,
pragmatic,adj. 实用的,,
postulate,"v. 假定, 推测",post过来太late了， 只好假定&推测了,1
ignorant,"adj. 无知的, 愚昧的",对一切ignore的ant是无知的,
decease,n. 死亡,,
gale,n. 大风,,2
garner,"v. 收集, 采集",,1
contract,"n. 合同 v. 缩小, 缩短",,1
elaborate,adj. 复杂的; 周密的,,
byline,n. (报刊文章的)署名行,,
hooked,"adj. 钩子状的, 被迷住的",,1
barely,adv. 勉强才能; 几乎不,,1
knack,"n. 诀窍, 本领",Sound like you’ve got a real knack for this.,
journalism,n. 新闻工作,,1
press,"n. 报纸, 新闻工作者",,
press conference,"n. 记者招待会, 新闻发布会",,
craft,v. 精心制作,,
surmise,n. 最高法院,,
district court,n. 地方法院,,
political,adj. 政治的,,
constitutional law,n. 宪法,,
constitution,"n. 宪法, 章程, 体格",,
profit,n. 盈利,,
faculty adviser,n. 指导教师,,
egalitarian,adj. 平等主义的,,
prevalance,n. 流行,,
primordial,adj. 原始的,,
preferential,adj. 优先的,,
pristine,"adj. 原始的, 纯洁的; 崭新的",Christin is pristine,
proactive,adj. 积极主动的,,
preen,v. 整理羽毛; 精心打扮; 刻意修饰,,
primate,n. 灵长类动物,,
recognize,"v. 认出, 承认, 意识到",,
evolution,"n. 进化, 演变, 发展",,
contemporary,"adj. 当代的, 现代的",,
thesis,n. 论文,,
penal,"adj. 刑罚的, 惩罚的",,
conflate,v. 合并,con+flat(flat 平)+e = 一起平着放 👉 合并,
consecutive,adj. 连续的,"con+secut(sequence, 序列)+ive",
conform,"v. 遵守, 符合",con+form = 一起形成的观念需要遵守,
conserve,"v. 节省, 节约",con+serve(keep),
preserve,"v. 维护, 保护",,
reserve,"v. 预留, 保留; 预定, 预约",,
conscience,"n. 良心, 良知",都有(con)conscience才能利用好science,
constituent,n. 选民；成分,,
congential,"adj. 天生的, 先天的",,
trajectory,"n. 轨道, 轨迹","tra(trans, 穿过)+ject(扔)+ory",
psychology,"n. 心理学  ",,2
journal,"n. 杂志, 期刊",,
norm,"n. 规范, 标准",,
cetacean,n. 鲸类的,,
locomotion,n. 移动能力,,
backbone,n. 脊柱,,
viable,"adj. 可行的, 可行性",,
germinate,"adj. 发芽, 使发芽",,
pioneer,adj. 先驱的 n. 先锋,,
disturbance,"n. 干扰, 扰乱",,
predominant,"adj. 占主导地位的, 占支配地位的",,
circumstantial,"adj. 视情况而定的, 与特定条件有关的",,
eliminate,adj. 排除; 清除; 淘汰,,
rival,n. 竞争对手,,
modest,"adj. 适中的, 谦虚的",,
leading,"adj. 主要的, 担任重要角色的, 适中的",,
succession,"n. 更迭, 演替; 继承; 一连串",,
datable,adj. 可确定年代的,,
scar,"n. 疤痕, 伤痕",,
hence,因此,,
confine,"v. 限制 n. 边界, 范围",,
arise,v. 出现,,
hostile,adj. 敌对的,,
provoke,"v.引起, 激起, 挑衅, 激怒",,
crater,"n. 火山口, (由炸弹爆炸或巨物撞击形成的) 坑",,
extent,"n. 程度, 范围, 长度",,
chondrule,n. 陨石球粒,,
condensation,"n. 冷凝, 凝结",,
chameleon,n. 变色龙,,
striking,"adj. 惊人的, 引人注目的",,
carnival,"n. 狂欢节, 嘉年华",,
riot,n. 暴乱; 丰富多彩,The garden was a riot of colour . 花园里色彩缤纷,
oath,n. 誓言,,
renounce,v. 声明放弃,,
rack,"n. 支架, 架子 v.折磨, 使痛苦",,
far-reaching,adj. 影响深远的,,
exception,n. 例外,,
exceptional,"adj. 杰出的, 优秀的, 罕见的; ",,
blacksmith,n. 铁匠,,
hoe,n. 锄头,,
warrior,n. (尤指旧时的) 武士，勇士,,
ritual,n. 仪式; 典礼; 习俗 adj. 仪式性的;  例行公事般的,make the ritual noises 说套话,
convention,"n. 习俗, 惯例, 公约, 大型会议",,
paleontologist,n. 古生物学家,,
conifer,n. 针叶树,,
boreal,"n. 北方的, 北风的",,
abyss,n. 深渊,,
springboard,n. (游泳或体操运动中的) 跳板; (使某事得以开始的) 跳板; 助推因素,,
feeble,adj. 虚弱的,,
drain,v. 使得流走,,
hectare,n. 公顷,,
windmill,n. 风车,,
mill,"n. 磨坊, 工厂",,
drainage pump,n. 排水泵,,
crack,"v. 破裂, 裂开  n.裂隙",,
mineral,n. 矿物,,
grain,"n. 粒, 谷物",,
sapling,n. 树苗,,
flint,"n. 燧石, 打火石",,
moisture,"n. 潮气, 水分",,1
vegetation,n. 植被,,
forbidding,adj. 令人生畏的,,
bison,n. 野牛,,
caribou,n. 驯鹿,,
musk,n. 麝香,,
antelope,n. 羚羊,,
herd,n. 兽群,,
sabre,n. 军刀(= saber),saber-toothed tiger 剑齿虎,
figurative,"n. 比喻的; (艺术, 绘画) 形象的",,
fellowship,n. 伙伴关系; 友谊; 交情; 研究生奖学金; 团体,,
grief,n. 悲痛,,
fling,v. 抛掷,fly,
forefront,n. 前线,,
flutter,"v. 飘动, 拍动",The paper fluttered to the floor. 纸飘落到地板上,
puny,"adj. 弱小的, 微不足道的",,
loot,"v. 掠夺, 抢劫 n. 抢劫",,
a practical issue,"一个现实的问题, 一个实际的问题",,
erect,v. 建立,,
elixer,"An elixir is a liquid that is considered to have magical powers. ",elixer (coc)圣水,
chief,"n. 长官, 酋长",,
queer,adj. 奇怪的,,
pronounce,v. 宣布; 发音,,
barracks,"n. 兵营, 营房",,
financing capacity,n. 融资能力,,
finance,"v. 资助 n. 金融, 财政, 财务状况",,
issue,"v. 发行, 发表, 发给, 供给",,
capital,"n. 资本, 资金, 资产, 首都, 大写字母",capital market 资本市场,
floor,n. 建筑物内的场地,on the floor of the Stock Exchange 证券交易所的交易厅,
flow of funds,n. 资金流,,
clause,"n. 分句, 条款",,
compliment,"n. 恭维, 称赞",,
coral,n. 珊瑚; 珊瑚色的,,1
sink,"v. 下沉, 沉没",,2
fringe,"n. 流苏, 边缘, 外围, 刘海",,
barrier reef,堡礁,,1
subsidence,n. (地面)下沉,,
enclose,"adj. 包围, 围住; (随信) 附上",,1
enclosed,"adj. (用墙等) 围住的, 封闭的",,1
lagoon,"A lagoon is an area of calm sea water that is separated from the ocean by a line of rock or sand. ",,
atoll,n. 环形珊瑚礁,,
director,"n. 主管, 导演, 指挥",,2
truck,"n. 卡车, 用卡车运送",,
cafeteria,n. 自助餐厅,,2
overall,"n. 全面的, 总的, 整个",,
pursue,"n. 执行; 贯彻; 追求; 努力实现; 追问, 追赶",,
supplant,v. 取代,,
parchment,n. 羊皮纸,,
Koran,n. 古兰经,,
practitioner,n. 从业者,,
cellulose,n. 纤维素,,
pulp,n. 浆; 果肉,,
established,adj. 已确立的; 已获确认的; 确定的,,
shale,n. 页岩,,
quartz,n. 石英,,
carbonate,n. 碳酸盐,,
segregate,"v. 分离, 隔开",,
fisson,"n. 分裂, 裂变",,
fissure,n. 裂缝,,
tentacle,n. 触角,squid tentacle 鱿鱼触角,
squid,n. 鱿鱼,"(""死贵的"")",
due,adj. 预期的; 适当的; 应有的,"it's a due responsibility
这是一项应尽的责任",
millennium,n. 一千年(pl. millennia),,
mound,n. 土堆,,
burial,"n. 埋葬, 葬礼",,
mime,v. 假唱; 假装演奏 n.哑剧,,
commensurate,"adj.(在大小, 重要性, 质量等方面) 相称的, 相当的",,
volatile,"adj. 不稳定的, 易挥发的",volcano是volatile,
warbler,n. 莺,,
pack,v. 装入,,2
dregs,n. 残渣; 沉淀物,coffee dregs 咖啡渣,1
essence,n. 本质; 实质; 精髓; 精油,,2
vanilla,n. 香草,,2
detrimental,adj. 有害的,,
exhaust,"v. 使精疲力尽; 花光, 耗尽 n. 废气, 排气管",reduce exhaust discharged by vehicles 减少车辆的废气,
fume,n. (难闻且常有害的) 烟气,,
exhaust fumes,汽车尾气,,
vehicle,n. 车辆; 交通工具,,
spawn,"v. 产卵, 引起 n. 卵",,
slippery,adj. 光滑的; 狡猾的,,
hub,"n. 活动中心, 枢纽机场",,
nourish,v. 养育,,
nutrition,n. 营养,,
resort,n. 度假胜地,,
wealth,n. 财富; 大量,a wealth of information 大量信息,
particular,adj. 特别的,,
particularly,"adv. 非常, 尤其",,1
fortify,v. 筑防御工事以防卫,,
canal,n. 运河,,1
intricate,adj. 复杂精细的,,
course,"n. (船或飞机的) 航向, 航线",,
seam,"n. 接缝; 矿层,煤层",,
repudiate,v. 拒绝,,
resilient,adj. 弹性的,,
Orient,n. 东方(尤指中国和日本),,1
orient,v. 以...为方向; 确定方向; 熟悉；适应,,
opaque,adj. 不透明的; 不透光的; 浑浊的,,
locale,n. 场所,,
livestock,n. 家畜,,
metrology,n. 计量学,,2
demography,"n. 人口学, 人口统计",demo- 民众,
coalification,n. 煤化(作用),,
elnino,n. 厄尔尼诺  /ˌel ˈniːnjəʊ/,,
council,n. 委员会,,
tulip,n. 郁金香,,
celestial,"adj. 天上的, 天堂的",,
novelty,n. 新奇的事物,,
roast,v. 烤,,
exotic,adj.  (常因来自遥远的他国而显得) 奇异的,,
petal,n. 花瓣,,
mania,n. 狂热,,2
prosper,v. 繁荣,,
disposable,adj. 一次性的; 自由可支配的(收入),disposable income,
commodity,n. 商品,,
constrain,v. 限制,,
literally,"adj. 真正的, 字面意思上的",,
speculation,n. 推测; 投机买卖,,
mortgage,n. 按揭贷款; v. (向银行等) 抵押 (房产),,
ingredient,"n.  成分; (尤指烹饪) 原料; 因素, 要素",,
bidder,"n. 出价者, 竞标人",,
pollutant,n. 污染物,,
drizzle,v. 下毛毛雨,,
moisture,"n. 水分, 水汽",,
celery,n. 芹菜,,
garlic,n. 大蒜,,
radish,n. 萝卜,,
thaw,v. 融化,,
starch,n. 淀粉,,
shrimp,"n. 虾, 小虾",,
crab,n. 蟹,,
clam,"n. 蛤, 蛤蜊",,
scales,n. 鳞,,
soot,n. (煤)烟灰,,
astronomer,n. 天文学家,,
treasury,n. 宝藏,,
centripetal force,向心力,,
centrifugal force,离心力,,
corona,n. 日冕,,
greenwich mean time,格林尼治平时GMT,,
apparatus,n. 设备,,
interferometer,n. 干涉仪,,
leap year,n. 闰年,,
light year,光年,,
firefly,n. 萤火虫,,
luminosity,"n. 光明, 发光度",,
Mercury,n. 水星,,
mercury,n. 水银,,
meteor,n. 流星,meteor shower 流星雨,
meteorite		,"n. 陨石	meteor(流星)+ite(site, 地点)",,
meteoroid,"n. 流星体
a small body moving in the solar system that would become a meteor if it entered the earth's atmosphere",,
meteorology,n. 气象学,,1
naked,n. 裸露的,naked eye 肉眼,
chrome,n. 铬,,
photosphere,"n. 光球, 光球层",,
planetarium,n. 天文馆,,
planetoid,n. 小行星,,
polestar,n. 北极星,,
revolution,n. 革命; 重大变革; 巨大变化,a socialist revolution,
evolution,"n. 进化, 演化, 发展",,
revolve,v. 旋转,,
satellite,n. 人造卫星,,
crisis,n. 危机,,1
termite,n. 白蚁,,
ingenuity,n. 独创力; 聪明才智; 心灵手巧,,
insulate,v.  使隔热; 使隔音; 使绝缘,,
ventilate,"v. 使(房间,建筑物等) 通风; 使通气",,
occupant,"n. (房屋,建筑等的) 使用者, 居住者; (汽车等内的) 乘坐者, 占用者",,
quart,n. (计量单位) 夸脱,,
diffusion,"n. 传播, 扩散",,
construction,n. 建造; 构造; 制造,,
interior,adj. 内部的,,
fungus,n. 真菌,,
cellar,"n. 地窖, 地下室; 酒窖",,
attic,n. 阁楼,,
ridge,"n. 山鸡, 山脉; 隆起; 垄",,
tunnel,n. 隧道,,
distribution,"n.  分配; 分布; 分发, 发送",,
eatery,n. 餐馆,,
separate,adj. 分开的; 独立的,,
sifting,"n. 过滤, 筛选",,
hail,v. 出生地是,His father hailed from Italy,
conduct,v. 组织; 安排; 实施; 执行; 指挥,,
convection,n. 对流,,1
crystal,n. 水晶,,
vase,"n. 瓶, 花瓶",,
cyclone,"n. 旋风, 气旋",,
devastation,n. 灾难; 巨大的破坏,,
droplet,n. 小滴,,
dust,"n. 沙尘, 灰尘, 尘土",,2
forecast,"n. 预测, 预报; 预言",,1
frost,"n. 霜, 结霜",,1
funnel,n. 漏斗; 烟囱,,1
heatwave,A heatwave is a period of time during which the weather is much hotter than usual.,,
precipitation,n. 降水,,
sacred,adj. 神圣的,,
grove,n. (小)树林; 果园,,
recreation,n. 娱乐; 重建,,
working,n. 运行方式,,
advance,"v. 提出(想法,理论); 促进; 预付; 提早, 向前(运动); 增肌",,
wholesome,"adj. 有益身心的, 有益健康的",,
perpetual,adj. 永恒的; 反复不断&无休止的,perpetual complaints,
complaint,"n. 抱怨, 投诉",,
landscape,n. 风景; 景观; 乡村风景画; (文件的) 横向打印格式,,
playwright,n. 剧作家,,
embrace,"v. 拥抱; 欣然接受; 乐意采纳 (思想, 建议等); 信奉(宗教等); 包括",,
crag,"n. 悬崖, 绝壁",,
veneration,"n. 尊敬, 崇拜",,
pantheism,n. 泛神论（认为神存在于万事万物）,,
amid,prep. 四周是,The hotel was in a beautiful position amid lemon groves. 旅馆位于柠檬树丛之中，优美宜人,
permanent,"adj. 永久的, 永恒的",,
emblem,"n. (代表国家或组织的) 徽章, 标记, 图案; 象征",,
innocence,"n. 清白, 无辜; 天真, 单纯",,
despair,v. 绝望,,
serenity,"n. 平静, 宁静",,
mandate,v.授权,,
code,"n. 法典, 法规; 密码, 代码",,
seasoned,adj. 富有经验的,,
desecrate,v. 亵渎,,
priest,"n. 牧师, 神父, 祭司",,
vandalize,v. 故意破坏,,
dissuade,v. 劝阻,,
persuade,v. 说服,,
monetary,adj. 货币的,,
erosion,n. 侵蚀; 削弱,,
urbanization,n. 城市化,,
encompass,"v. 包含, 涉及; 围住",,
hillside,n. 小山坡,,
conducive,adj. 有助的,,
sacrifice,"v. 献祭, 牺牲; 祭品",,
horticulture,"n. 园艺学, 园艺",,
trail,n. 小径,,
fountain,n. 喷泉,,
realm,"n. 领域, 场所; 王国",,
feast,n. 盛宴; 宴会; 节日,,
coach,n. 教练; 长途汽车; 经济舱,coach fares/passengers/seats 飞机经济舱票价╱旅客╱座位,
bureau,n. 局; 书桌,,
cabinet,n. 贮藏橱; 陈列柜,,
cupboard,n. 橱柜,,
rug,n. 小毯子,,
carpet,n. 地毯,,
curtain,"n. 窗帘, 幕布",,
bathtub,n. 浴缸,,
Launderette,n. (自助)洗衣店,,
fixture,"n. (房屋内如浴缸, 马桶等的) 固定装置",,
furnishing,n. (房屋内的)装潢,,
meter,n. 仪表,electricity meter 电表,
magnitude,n. 震级,,
collision,"n. 碰撞, 冲突",,
magma,n. 岩浆,,
densitu,n. 密度,,
continent,n. 洲; 大陆,,
continental drift,n. 大陆漂移,,
stratum,"n. 层, 地层, 岩层; 社会阶层",,
stratify,v. 使分层,,
mechanism,n. 机制; 机械装置,,
communal,"n. 团体的, 共有的",,
farmstead,n. 农庄; 农舍及其附近建筑物,,
story,"n. 楼层
(同 storey)",a four-storeyed building 四层楼房,
dispersed,adj. 分散的,,
scattered,adj. 分散的,,
residence,n. 住宅,,
favourable,"adj. 赞成的, 有利的",favourable review 好评,
allege,"v. (未提出证据) 断言, 指称, 声称
If you allege that something bad is true, you say it but do not prove it.",,1
consistent,"adj. 始终如一的, 相符的, 前后一致的",,
packed,adj. 拥挤的; 充满...的,"The encyclopedia is packed with clear illustrations and over 250 recipes.
这本百科全书充满了清晰的插图，还有二百五十多个食谱。",
ambiguous,adj. 模棱两可的,,
crude,"adj. 粗略的, 粗糙的, 天然未经加工的",,
approximate,"adj. 大约的, 近似的",,
reservoir,"n. 水库, 蓄水池",,
application,"n. 申请, 应用软件",,
legitimate,"adj. 合法的, 合理的",,
symbiosis,n. 共生关系,,
overstate,v. 夸大,,
propose,v. 建议; 提出; 提名; 求婚; 打算,,
quiver,v. 颤抖,,
donor,n. 捐赠者; 捐赠机构,,
longitude,n. 经度,,
whirlwind,n. 旋风,,
elevation,n. 海拔; 提升,,
Global Positioning System,GPS 全球定位系统,,
retail,零售,,1
wholesale,n. 批发,,1
plateau,"n. 高原, 平稳期",,1
beast,n.  (尤指罕见或巨大凶猛的) 兽,,
horn,"n. 喇叭; (牛,羊等的) 角; (乐器) 号",,1
paleoanthropolpgy,n. 古人类学,,
agrarian,adj. 农业的; 土地的; 耕地的,,
aquactulture,n. 水产养殖业,,
barley,n. 大麦,,1
beet,n. 甜菜,,
clod,n. 土块,"(""坷垃的"")",
cowshed,"n. 牛棚, 牛舍",,
dairy,n. 乳品公司; adj. 奶制的,dairy farm 奶场,
furrow,n. 犁沟; 沟; 车辙; 皱纹,,
ornament,n. 装饰品,,
hydroponics,n. 水培; 溶液栽培,,
hydrate,n. 水合物,,
leek,n. 葱,,
crisp,adj. 脆的; 清爽的,,
lettuce,n. 莴苣; 生菜,,
mill,"n. 磨坊, 工厂",,
mustard,n. 芥末,,
orchard,n. 果园,,
millet,n. 小米; 粟,,
pasture,"n. 牧场, 放牧",,
peanut,n. 花生,,
pepper,n. 胡椒粉,,
ranch,n. 牧场,,
ridge,n. 脊; 山岭,,
rye,n. 黑麦,,
profit,n. 利润,,
supply chain,n. 供应链,,
fluctuate,v. 波动,,
contention,n. (辩论或讨论中表达的) 观点; 争论,,
depression,n. 萧条期; 抑郁,,
fault,"n. 错误, 过失; 断层",,
surplus,adj. 过剩的; 多余的,,
shipment,n. 运输,,
franchise,n. 特许经销权,,
recession,n. 经济衰退,,
verbal,adj. 口头 (而非书面) 的,,
agreement,"n. 协议, 协定, 契约",,
repay,"v. 偿还, 报答",,
reasoning,n. 推理,,
refund,n. 退款,,
"freshman
sophomore
junior
senior","freshman 大一学生
sophomore 大二学生
junior 大三学生
senior 大四学生","freshman year 大一年级
sophomore year 大二年级
junior year 大三年级
senior year 大四年级",1
credit,n. 学分; 赊购; 赞扬; 归功于; 贷款 v.（给银行账户）存入金额; 归功于,,
reluctant,"adj. 不情愿的, 勉强的",,
incubate,v. 孵化,,
ostrich,n. 鸵鸟,,
crocodile,n. 鳄鱼,,
hydroponics,n. 溶液栽培; 水培,,
sesame,n. 芝麻,"(""撒撒米"")",
shovel,n. 铲子; 铲斗,,
sickle,n. 镰刀,,
maize,n. 玉米,,
sorghum,n. 高粱,,
spinach,n. 菠菜,,
spray,"n. 浪花, 水花, 喷雾",,
trough,"n. 槽, 低谷",,
archipelago,n. 群岛,,
universal,adj. 普遍的,,
Idealism,n. 唯心论,,
orbit,n. 轨道; 沿轨道运行,,
equator,n. 赤道,,
track,n. 轨道; 崎岖的小路; 足迹,,
particle,n. 微粒; 粒子,,
cosmology,n. 宇宙学,,
feeble,adj. 虚弱的; 无效的,,
faint,adj. 微弱的,,
chromosphere,n. 色球层,,
asteroid belt,n. 小行星带,,
intrinsic,adj. 内部的,,
extrinsic,adj. 外部的,,
liberal,"adj. 开明的, 自由的, 大量的",,
reconcile,"v. 使和谐一致, 调和; 妥协; 将就",,
Renaissance,n. 文艺复兴时期,,
impractical,"adj. 不切实际的, 缺乏实际能力的",,
empirical,adj. 经验主义的,,
doctrine,"n. 教义, 学说, 主义, 信条",,
metaphysics,"n. 玄学, 形而上学",,
epistemology,n. 认识论,,
constellation,n. 星座,,
basin,n. 盆; 盆地,,
conservative,adj.保守的,,
interest,adj. 利息,,
manufacture,"v. 生产, 制造; 编造 n. 生产",,
cylinder,"n. 圆柱, 气缸",,
chunk,"n. 厚块, 厚片, 大块",,
moral,adj. 道德的,,
perception,"n. 理解, 看法, 洞察力",,
perceive,"v. 注意到, 意识到, 察觉到; 
将…理解为；将…视为；认为",,
explicit,adj. 清楚明白的; 坦率的; 易于理解的,,
paramount,"adj. 首要的, 至关重要的",,
tilt,v. 倾斜; n. 倾斜,,
contemplation,n. 深思；沉思,,
evacuate,v. 疏散; 使…撤离,,
evaporate,v. 蒸发,,1
atmosphere,n. 大气层,,1
troposphere,n. 对流层,,1
blizzard,n. 暴风雪,,1
tempest,n. 暴风雨,,
avalanche,n. 雪崩,,
carton,"n. 盒, 盒装物, 硬纸箱","a carton of milk 一盒牛奶
milk carton 牛奶盒",
tyre,n. 轮胎,,
current,"n. 气流, 水流, 电流",,
saturate,v. 使饱和; 使充满; 使湿透,,
damp,adj. 潮湿的,,
humid,adj. 湿热的,,
hail,n. 冰雹; 下冰雹,,
condense,"v. 冷凝, 凝结; 使浓缩;  简缩, 压缩 (文字, 信息等)",,
chilly,"adj. 寒冷的, 阴冷的",,
balmy,adj. 温暖舒适的,,
doorway,"n. 门口, 门廊",,
segment,n. 部分; (水果的) 瓣,,
drain,"v. 排走, 流走; 喝干, 使 (精力, 金钱等) 耗尽 n. 下水道; 排水管",,
extensive,"adj. 广阔的, 广泛的",,
characterize,v. 以…为特征; 描述为,,
inflate,v. 使充气; 充气; 抬高 (物价); 涨高; 夸大,,
incentive,"n. 鼓励, 激励",,
trunk,"n. 树干, 躯干, 后备箱",,
sorghum,n. 高粱,,1
spinach,n. 菠菜,,
trough,n. 槽,,
distinctive,"adj. 独特的, 有特色的, 与众不同的",,
archipelago,n. 群岛; 列岛,,
cataclysm,n. (突然降临的) 大灾难,,
compact,"adj. 小巧的, 袖珍的; 紧凑的 n. 契约, 合约 v.把…紧压在一起 (或压实) ",,
conflicting,"adj. 冲突的, 相矛盾的",,
alluvial,adj. 冲积的,"按成因分四类岛屿: 
Continental Island 陆边岛
Vocanic Island 火山岛
Coral Island 珊瑚岛
Alluvial Island 冲积岛",
continental shelf,n. 大陆架,,
alloy,n. 合金,Bronze is an alloy of copper and tin.,
cranial,adj. 颅的,cranial bleeding 颅出血,
crater,n. 火山口; (由炸弹爆炸或巨物撞击形成的) 坑,a meteorite crater 陨石坑,
crest,n. 顶; 峰,"crest of the mountain
crest of the bridge",
downpour,n. 瓢泼大雨,,
torrential,adj. 倾泻而下的,torrential rain 倾盆大雨,
monsoon,n. 季风,,
climax,"n. (重要事情或时刻的) 高潮, 极点, 顶点",,
cumulative,adj. 累积的,,
resilience,n. 快速恢复的能力,,
patch,n. 小块; 补丁,,
intact,adj. 完好无损的,,
temperate,adj. (气候或地区) 温和的; 温和的；心平气和的,,
tricycle,n. (幼儿骑的)三轮车,,
contradict,n. 反驳,,
botany,n. 植物学,,
,,,
,,,
,,,
,,,
,,,
,,,
,,,